<view id="main" bg:color="slategrey">
	<button id="movies" title:text="Movies" title:color="white" font="Open Sans" size="20" constraints="T|T|50|==|100|main,L|L|50|==|100|main"/>
	<button id="shows" title:text="Shows" title:color="white" font="Open Sans" size="20" constraints="T|T|0|==|100|movies,L|R|50|==|100|movies"/>
	<button id="favourites" title:text="Favourites" title:color="white" font="Open Sans" size="20" constraints="T|T|0|==|100|shows,L|R|50|==|100|shows"/>
	<view id="test" width="95%" height="100%" constraints="T|B|10|==|100|movies" bg:opacity="0.5" align_v="">
		<view id="1" width="100" height="140" bg:color="black">
		</view>
		<view x="110" id="2" width="100" height="140" image:src="http://webneel.com/daily/sites/default/files/images/daily/02-2013/19-looper-creative-movie-poster-design.jpg">
		</view>	
		<image x="220" id="3" width="100" height="140" image:name="sman">
		</image>
	</view>
</view>